<?xml version="1.0" encoding="UTF-8"?>
<project-private xmlns="http://www.netbeans.org/ns/project-private/1">
    <editor-bookmarks xmlns="http://www.netbeans.org/ns/editor-bookmarks/2" lastBookmarkId="0"/>
    <open-files xmlns="http://www.netbeans.org/ns/projectui-open-files/2">
        <group>
            <file>file:/C:/Users/Szalamandra/Documents/szf/java/feladat2020.04.04/SzolancOop/src/szolancoopver2/SzolancOop.java</file>
            <file>file:/C:/Users/Szalamandra/Documents/szf/java/feladat2020.04.04/SzolancOop/src/szolancoopver2/Elem.java</file>
        </group>
        <group name="webes2019-2020Igazan">
            <file>file:/C:/Users/Szalamandra/Documents/szf/java/feladat2020.04.04/SzolancOop/src/szolancoopver2/SzolancOop.java</file>
            <file>file:/C:/Users/Szalamandra/Documents/szf/java/feladat2020.04.04/SzolancOop/src/szolancoopver2/Elem.java</file>
        </group>
        <group name="webprogi 2019-2020tanev">
            <file>file:/C:/Users/Szalamandra/Documents/szf/java/feladat2020.04.04/SzolancOop/src/szolancoopver2/Elem.java</file>
        </group>
    </open-files>
</project-private>
