<?xml version="1.0" encoding="UTF-8"?>
<project-private xmlns="http://www.netbeans.org/ns/project-private/1">
    <editor-bookmarks xmlns="http://www.netbeans.org/ns/editor-bookmarks/2" lastBookmarkId="0"/>
    <open-files xmlns="http://www.netbeans.org/ns/projectui-open-files/2">
        <group>
            <file>file:/C:/Users/Szalamandra/Documents/szf/java/feladat2020.04.04/SZolancOpDitta/src/szolanc/SzolancOOP2.java</file>
            <file>file:/C:/Users/Szalamandra/Documents/szf/java/feladat2020.04.04/SZolancOpDitta/src/szolanc/SzolancOOP2ekezet.java</file>
            <file>file:/C:/Users/Szalamandra/Documents/szf/java/feladat2020.04.04/SZolancOpDitta/src/szolanc/SzolancOOP3_ver.java</file>
            <file>file:/C:/Users/Szalamandra/Documents/szf/java/feladat2020.04.04/SZolancOpDitta/src/szolanc/SzolancOOP3_ver2.java</file>
        </group>
    </open-files>
</project-private>
