<?xml version="1.0" encoding="UTF-8"?>
<project-private xmlns="http://www.netbeans.org/ns/project-private/1">
    <editor-bookmarks xmlns="http://www.netbeans.org/ns/editor-bookmarks/2" lastBookmarkId="0"/>
    <open-files xmlns="http://www.netbeans.org/ns/projectui-open-files/2">
        <group name="webprogi 2019-2020tanev">
            <file>file:/C:/Users/Szalamandra/Documents/szf/java/feladat2020.04.04/eSZF%202.%20félév%20Sheldon%20V1.5/Zágonyi%20Péter%20%20(eSZF%202019%202021)_130476_assignsubmission_file_/Seldon_csopx/src/Sheldon.java</file>
            <file>file:/C:/Users/Szalamandra/Documents/szf/java/feladat2020.04.04/eSZF%202.%20félév%20Sheldon%20V1.5/Zágonyi%20Péter%20%20(eSZF%202019%202021)_130476_assignsubmission_file_/Seldon_csopx/src/SzolancV2.java</file>
        </group>
    </open-files>
</project-private>
