<?xml version="1.0" encoding="UTF-8"?>
<project-private xmlns="http://www.netbeans.org/ns/project-private/1">
    <editor-bookmarks xmlns="http://www.netbeans.org/ns/editor-bookmarks/2" lastBookmarkId="0"/>
    <open-files xmlns="http://www.netbeans.org/ns/projectui-open-files/2">
        <group>
            <file>file:/C:/Users/Szalamandra/Documents/szf/java/feladat2020.04.04/ZsigmondRekaErettsegiFeladat/dominoLanc/src/dominolanc/Main.java</file>
            <file>file:/C:/Users/Szalamandra/Documents/szf/java/feladat2020.04.04/ZsigmondRekaErettsegiFeladat/dominoLanc/src/dominolanc/DominoLanc1.java</file>
        </group>
        <group name="webprogi 2019-2020tanev"/>
    </open-files>
</project-private>
