<?xml version="1.0" encoding="UTF-8"?>
<project-private xmlns="http://www.netbeans.org/ns/project-private/1">
    <editor-bookmarks xmlns="http://www.netbeans.org/ns/editor-bookmarks/2" lastBookmarkId="0"/>
    <open-files xmlns="http://www.netbeans.org/ns/projectui-open-files/2">
        <group>
            <file>file:/C:/SZAMALK/2019-2020/beadott%20feladatok/eSZF%202.%20félév%203%20Sheldon%20V1.5/Zibrinyiné%20Vendel-Mohay%20Luca%20Mária%20(eSZF%202019%202021)_130383_assignsubmission_file_/Sheldon/src/sheldon/Sheldon.java</file>
            <file>file:/C:/SZAMALK/2019-2020/beadott%20feladatok/eSZF%202.%20félév%203%20Sheldon%20V1.5/Zibrinyiné%20Vendel-Mohay%20Luca%20Mária%20(eSZF%202019%202021)_130383_assignsubmission_file_/Sheldon/src/sheldon/Elements.java</file>
            <file>file:/C:/SZAMALK/2019-2020/beadott%20feladatok/eSZF%202.%20félév%203%20Sheldon%20V1.5/Zibrinyiné%20Vendel-Mohay%20Luca%20Mária%20(eSZF%202019%202021)_130383_assignsubmission_file_/Sheldon/src/sheldon/GamePlay.java</file>
        </group>
    </open-files>
</project-private>
